City_ID,City,Country,Date,Lat,Lng,Max Temp,Humidity,Cloudiness,Wind Speed
0,Albany,US,2020-08-17 22:16:43,42.6,-73.97,75.0,71,3,5.61
1,Hermanus,ZA,2020-08-17 22:14:09,-34.42,19.23,46.99,79,93,7.0
2,Dikson,RU,2020-08-17 22:16:44,73.51,80.55,50.13,93,76,13.0
3,Saint George,US,2020-08-17 22:15:18,37.1,-113.58,111.99,5,1,10.29
4,Puerto El Triunfo,SV,2020-08-17 22:16:44,13.28,-88.55,95.0,59,20,4.14
5,Ushuaia,AR,2020-08-17 22:16:44,-54.8,-68.3,33.8,86,75,11.41
6,Rikitea,PF,2020-08-17 22:13:59,-23.12,-134.97,71.49,76,23,9.15
7,Cape Town,ZA,2020-08-17 22:13:44,-33.93,18.42,48.99,70,20,13.87
8,New Norfolk,AU,2020-08-17 22:14:27,-42.78,147.06,42.01,91,74,2.44
9,Mataura,NZ,2020-08-17 22:16:44,-46.19,168.86,35.01,97,98,4.0
10,Esfarayen,IR,2020-08-17 22:16:45,37.08,57.51,64.4,77,0,6.29
11,Kiunga,PG,2020-08-17 22:16:45,-6.12,141.29,70.77,91,12,3.18
12,Busselton,AU,2020-08-17 22:16:45,-33.65,115.33,50.0,80,96,13.96
13,Yellowknife,CA,2020-08-17 22:14:07,62.46,-114.35,66.2,52,40,4.7
14,Bijie,CN,2020-08-17 22:16:45,27.31,105.29,63.09,90,100,2.66
15,Padang,ID,2020-08-17 22:16:45,-0.95,100.35,76.66,72,53,4.03
16,Mar Del Plata,AR,2020-08-17 22:16:45,-38.0,-57.56,57.2,44,0,12.75
17,Fort-Shevchenko,KZ,2020-08-17 22:16:46,44.51,50.26,72.91,57,0,16.8
18,Tautira,PF,2020-08-17 22:16:46,-17.73,-149.15,82.4,58,75,11.41
19,Astana,KZ,2020-08-17 22:15:48,51.18,71.45,53.6,81,100,6.71
20,Punta Arenas,CL,2020-08-17 22:13:54,-53.15,-70.92,37.4,74,75,19.46
21,Micheweni,TZ,2020-08-17 22:16:46,-4.97,39.83,75.81,81,99,12.24
22,Sola,VU,2020-08-17 22:16:46,-13.88,167.55,80.6,88,75,5.82
23,Sibolga,ID,2020-08-17 22:16:46,1.74,98.78,76.1,82,41,4.14
24,Bethel,US,2020-08-17 22:16:47,41.37,-73.41,77.0,61,90,6.93
25,Jiuquan,CN,2020-08-17 22:16:47,39.74,98.52,66.45,24,0,8.61
26,Gavle,SE,2020-08-17 22:16:48,60.67,17.14,55.0,91,12,1.99
27,Torbay,CA,2020-08-17 22:14:36,47.67,-52.73,71.6,46,90,10.29
28,Det Udom,TH,2020-08-17 22:16:48,14.91,105.08,77.0,100,20,3.36
29,Bengkulu,ID,2020-08-17 22:16:48,-3.8,102.27,75.11,89,31,3.98
30,Barrow,US,2020-08-17 22:14:21,71.29,-156.79,50.0,76,1,21.92
31,Port Elizabeth,ZA,2020-08-17 22:16:49,-33.92,25.57,51.8,71,40,28.86
32,Correntina,BR,2020-08-17 22:16:49,-13.34,-44.64,78.3,32,0,4.16
33,Sabinas Hidalgo,MX,2020-08-17 22:16:49,26.5,-100.17,95.94,29,0,11.45
34,Hithadhoo,MV,2020-08-17 22:16:49,-0.6,73.08,83.66,73,42,6.46
35,Port Blair,IN,2020-08-17 22:16:49,11.67,92.75,81.01,80,86,10.83
36,Sitka,US,2020-08-17 22:16:49,57.05,-135.33,59.0,82,75,3.36
37,Kungurtug,RU,2020-08-17 22:16:49,50.6,97.52,47.3,79,100,2.59
38,Mareeba,AU,2020-08-17 22:16:49,-17.0,145.43,60.8,100,85,0.94
39,Kahului,US,2020-08-17 22:16:50,20.89,-156.47,87.8,48,20,21.92
40,Kapaa,US,2020-08-17 22:16:50,22.08,-159.32,84.2,62,20,14.99
41,Sinnamary,GF,2020-08-17 22:16:50,5.38,-52.95,79.81,77,99,10.83
42,Georgetown,MY,2020-08-17 22:16:50,5.41,100.34,77.0,88,20,3.89
43,Bredasdorp,ZA,2020-08-17 22:16:51,-34.53,20.04,44.6,81,52,10.29
44,Port Alfred,ZA,2020-08-17 22:16:51,-33.59,26.89,54.86,71,61,30.0
45,Asau,RO,2020-08-17 22:16:51,46.43,26.4,62.01,83,0,4.38
46,Nelspruit,ZA,2020-08-17 22:16:51,-25.47,30.97,57.2,76,58,2.24
47,Petrivka,UA,2020-08-17 22:16:51,46.97,30.96,68.0,60,0,2.24
48,Pacific Grove,US,2020-08-17 22:16:20,36.62,-121.92,75.2,56,1,9.17
49,Westport,US,2020-08-17 22:16:52,41.14,-73.36,75.99,73,90,10.29
50,Havelock,US,2020-08-17 22:16:52,34.88,-76.9,86.0,51,40,5.82
51,Cayenne,GF,2020-08-17 22:16:52,4.93,-52.33,84.2,66,81,8.05
52,Kattivakkam,IN,2020-08-17 22:16:52,13.22,80.32,84.2,83,75,3.36
53,Kodiak,US,2020-08-17 22:15:00,57.79,-152.41,60.75,71,0,10.07
54,Soyo,AO,2020-08-17 22:16:52,-6.13,12.37,72.28,89,75,10.42
55,Inongo,CD,2020-08-17 22:16:53,-1.95,18.27,73.38,82,52,7.23
56,Havoysund,NO,2020-08-17 22:16:53,71.0,24.66,44.6,100,75,32.21
57,Flin Flon,CA,2020-08-17 22:16:53,54.77,-101.86,71.6,60,20,6.93
58,Kaitangata,NZ,2020-08-17 22:16:53,-46.28,169.85,42.01,77,95,1.99
59,Jamestown,US,2020-08-17 22:12:30,42.1,-79.24,72.0,64,90,9.17
60,Praya,CV,2020-08-17 22:13:53,14.92,-23.51,80.6,78,20,4.7
61,Geraldton,AU,2020-08-17 22:16:54,-28.77,114.6,51.8,93,90,6.93
62,Matara,LK,2020-08-17 22:16:54,5.95,80.54,77.86,89,90,7.52
63,Nanortalik,GL,2020-08-17 22:15:38,60.14,-45.24,49.55,60,53,6.64
64,Marsa Matruh,EG,2020-08-17 22:16:54,31.35,27.25,77.0,88,20,2.24
65,Bluff,NZ,2020-08-17 22:16:54,-46.6,168.33,35.01,97,99,4.0
66,Vaini,TO,2020-08-17 22:16:54,-21.2,-175.2,73.4,83,75,9.17
67,San Luis,AR,2020-08-17 22:16:54,-33.3,-66.34,59.97,31,0,7.36
68,Mount Isa,AU,2020-08-17 22:16:54,-20.73,139.5,50.0,53,0,7.72
69,Sarmanovo,RU,2020-08-17 22:16:55,55.26,52.59,51.8,100,75,11.18
70,Hobart,AU,2020-08-17 22:14:32,-42.88,147.33,44.6,100,40,5.82
71,Cherskiy,RU,2020-08-17 22:16:55,68.75,161.3,42.57,90,100,13.24
72,Moose Factory,CA,2020-08-17 22:16:55,51.26,-80.61,59.0,93,90,4.7
73,Mizdah,LY,2020-08-17 22:16:55,31.45,12.98,82.42,33,5,9.08
74,Namibe,AO,2020-08-17 22:16:56,-15.2,12.15,59.14,83,12,8.3
75,Mahanoro,MG,2020-08-17 22:16:56,-19.9,48.8,64.56,88,0,3.6
76,Luganville,VU,2020-08-17 22:16:56,-15.53,167.17,78.8,83,40,3.36
77,Tura,IN,2020-08-17 22:15:39,25.52,90.22,74.75,97,92,5.75
78,Salalah,OM,2020-08-17 22:16:56,17.02,54.09,77.0,100,90,3.36
79,Liaoyang,CN,2020-08-17 22:16:56,41.27,123.17,75.2,100,75,6.71
80,Nikolskoye,RU,2020-08-17 22:16:57,59.7,30.79,53.6,87,0,2.24
81,Lagoa,PT,2020-08-17 22:16:57,39.05,-27.98,74.7,88,81,27.76
82,Evensk,RU,2020-08-17 22:16:57,61.95,159.23,56.17,43,62,6.87
83,Huarmey,PE,2020-08-17 22:16:57,-10.07,-78.15,63.45,74,60,11.5
84,Deputatskiy,RU,2020-08-17 22:12:07,69.3,139.9,40.01,76,79,3.6
85,Saldanha,ZA,2020-08-17 22:16:57,-33.01,17.94,48.2,76,21,4.7
86,Talnakh,RU,2020-08-17 22:16:57,69.49,88.4,53.6,58,0,6.71
87,Guiratinga,BR,2020-08-17 22:16:58,-16.35,-53.76,85.05,25,37,1.34
88,Avarua,CK,2020-08-17 22:16:58,-21.21,-159.78,73.4,64,8,10.29
89,Puerto Ayora,EC,2020-08-17 22:16:58,-0.74,-90.35,73.4,73,40,20.8
90,Bitung,ID,2020-08-17 22:16:58,1.45,125.18,71.6,88,20,2.24
91,Saint-Philippe,RE,2020-08-17 22:16:58,-21.36,55.77,69.8,64,40,8.05
92,Qaqortoq,GL,2020-08-17 22:16:58,60.72,-46.03,57.2,54,3,4.7
93,Chaman,PK,2020-08-17 22:16:58,30.92,66.45,77.22,18,0,1.9
94,Chuy,UY,2020-08-17 22:16:59,-33.7,-53.46,47.84,80,0,6.13
95,Vilyuysk,RU,2020-08-17 22:16:59,63.76,121.62,47.55,63,0,3.6
96,Mount Gambier,AU,2020-08-17 22:16:59,-37.83,140.77,46.4,100,90,10.29
97,Carnarvon,AU,2020-08-17 22:14:14,-24.87,113.63,51.8,100,17,6.93
98,Airai,TL,2020-08-17 22:16:59,-8.93,125.41,54.93,76,0,2.73
99,Kavieng,PG,2020-08-17 22:16:59,-2.57,150.8,82.58,76,1,9.44
100,Alice Springs,AU,2020-08-17 22:16:59,-23.7,133.88,57.2,47,0,5.82
101,Hilo,US,2020-08-17 22:16:59,19.73,-155.09,84.2,58,75,10.29
102,Killybegs,IE,2020-08-17 22:16:59,54.63,-8.45,60.01,96,100,6.89
103,Qaanaaq,GL,2020-08-17 22:17:00,77.48,-69.36,42.55,61,100,6.6
104,Awbari,LY,2020-08-17 22:17:00,26.59,12.78,85.77,18,0,11.48
105,Rio Pardo,BR,2020-08-17 22:17:00,-29.99,-52.38,54.1,74,0,3.8
106,Ostrovnoy,RU,2020-08-17 22:17:00,68.05,39.51,42.1,86,95,13.06
107,Dongying,CN,2020-08-17 22:17:00,37.46,118.49,81.14,87,0,6.46
108,Vardo,NO,2020-08-17 22:14:31,70.37,31.11,44.6,87,40,10.29
109,Broken Hill,AU,2020-08-17 22:17:00,-31.95,141.43,44.6,81,2,3.36
110,Hualmay,PE,2020-08-17 22:17:01,-11.1,-77.61,62.47,73,100,11.23
111,Castro,BR,2020-08-17 22:14:54,-24.79,-50.01,60.64,95,100,7.58
112,Severo-Kurilsk,RU,2020-08-17 22:17:01,50.68,156.12,52.36,88,89,1.74
113,Half Moon Bay,US,2020-08-17 22:17:01,37.46,-122.43,89.01,77,1,12.75
114,Khatanga,RU,2020-08-17 22:17:01,71.97,102.5,58.89,88,100,6.71
115,Gossaigaon,IN,2020-08-17 22:17:02,26.45,89.99,78.31,91,84,3.27
116,Cordoba,AR,2020-08-17 22:12:54,-31.41,-64.18,69.8,19,0,10.29
117,Lastoursville,GA,2020-08-17 22:17:02,-0.81,12.73,74.71,89,100,2.64
118,Nauta,PE,2020-08-17 22:17:02,-4.51,-73.58,91.56,51,56,1.61
119,Virginia Beach,US,2020-08-17 22:14:33,36.85,-75.98,80.6,65,75,8.05
120,Butaritari,KI,2020-08-17 22:17:02,3.07,172.79,81.72,63,1,7.96
121,Nador,MA,2020-08-17 22:13:23,35.17,-2.93,78.8,69,0,4.7
122,Atuona,PF,2020-08-17 22:13:55,-9.8,-139.03,78.33,74,8,15.01
123,Gumla,IN,2020-08-17 22:17:03,23.05,84.55,73.94,94,97,5.3
124,Kutum,SD,2020-08-17 22:17:03,14.2,24.67,68.22,86,99,11.03
125,La Ronge,CA,2020-08-17 22:17:03,55.1,-105.28,78.8,54,20,8.05
126,Balingasay,PH,2020-08-17 22:17:03,16.36,119.86,81.86,79,97,9.73
127,Svetlogorsk,BY,2020-08-17 22:17:04,52.63,29.73,63.37,85,26,3.09
128,Ilmajoki,FI,2020-08-17 22:17:04,62.73,22.57,39.2,93,5,1.95
129,Soe,ID,2020-08-17 22:17:04,-9.86,124.28,60.08,83,0,3.53
130,Saint-Pierre,RE,2020-08-17 22:17:04,-21.34,55.48,68.0,64,36,8.05
131,Slave Lake,CA,2020-08-17 22:17:04,55.28,-114.77,80.6,47,75,3.36
132,Yerbogachen,RU,2020-08-17 22:12:05,61.28,108.01,46.54,68,0,1.79
133,Muros,ES,2020-08-17 22:17:04,42.78,-9.06,64.99,93,100,1.99
134,Garca,BR,2020-08-17 22:15:21,-22.21,-49.66,63.0,98,100,5.99
135,Gillette,US,2020-08-17 22:17:04,44.29,-105.5,96.8,11,1,9.4
136,Bubaque,GW,2020-08-17 22:17:05,11.28,-15.83,80.51,82,83,16.84
137,Whitianga,NZ,2020-08-17 22:17:05,-36.83,175.7,57.99,81,100,11.01
138,Camacha,PT,2020-08-17 22:17:05,33.08,-16.33,73.4,83,20,5.82
139,Tateyama,JP,2020-08-17 22:17:05,34.98,139.87,84.99,91,4,4.85
140,Clyde River,CA,2020-08-17 22:17:05,70.47,-68.59,59.0,72,75,21.92
141,Yumen,CN,2020-08-17 22:17:05,40.28,97.2,56.05,35,0,0.85
142,Sioux Lookout,CA,2020-08-17 22:17:06,50.1,-91.92,69.8,46,40,10.29
143,Saint Andrews,US,2020-08-17 22:17:06,34.05,-81.13,91.99,52,40,4.7
144,Andrushivka,UA,2020-08-17 22:17:06,50.02,29.02,64.47,51,0,4.52
145,East London,ZA,2020-08-17 22:17:06,-33.02,27.91,59.67,49,69,26.31
146,Shakawe,BW,2020-08-17 22:17:06,-18.37,21.85,63.68,26,0,5.06
147,Sterling,US,2020-08-17 22:17:06,39.01,-77.43,82.4,69,75,6.93
148,Srandakan,ID,2020-08-17 22:17:07,-7.94,110.25,74.82,87,6,6.91
149,Tasiilaq,GL,2020-08-17 22:17:07,65.61,-37.64,48.2,93,59,4.7
150,Tuatapere,NZ,2020-08-17 22:17:07,-46.13,167.68,35.01,97,84,4.0
151,Thompson,CA,2020-08-17 22:15:49,55.74,-97.86,64.4,52,75,4.7
152,Shache,CN,2020-08-17 22:17:07,38.42,77.24,67.06,26,0,4.0
153,Krasnoselkup,RU,2020-08-17 22:17:07,65.7,82.47,55.27,93,85,7.99
154,Smithers,CA,2020-08-17 22:15:49,54.78,-127.17,75.2,47,75,6.93
155,Coahuayana,MX,2020-08-17 22:17:08,18.73,-103.68,77.0,83,75,11.41
156,Sao Paulo De Olivenca,BR,2020-08-17 22:17:08,-3.38,-68.87,84.9,68,68,0.85
157,Daru,PG,2020-08-17 22:17:08,-9.08,143.21,75.96,79,3,11.63
158,Cidreira,BR,2020-08-17 22:17:08,-30.18,-50.21,57.27,84,0,8.41
159,Arraial Do Cabo,BR,2020-08-17 22:17:08,-22.97,-42.03,75.2,88,99,3.36
160,Ponta Do Sol,PT,2020-08-17 22:17:08,32.67,-17.1,75.2,69,20,13.87
161,Ivybridge,GB,2020-08-17 22:17:08,50.39,-3.92,61.0,94,99,9.48
162,Yulara,AU,2020-08-17 22:14:03,-25.24,130.99,44.6,44,0,2.24
163,Verkhoyansk,RU,2020-08-17 22:17:09,67.54,133.38,50.97,49,19,2.77
164,Homer,US,2020-08-17 22:17:09,59.64,-151.55,64.4,63,1,9.17
165,Singaraja,ID,2020-08-17 22:17:09,-8.11,115.09,77.52,73,36,4.79
166,Harwich,GB,2020-08-17 22:17:09,51.94,1.28,66.0,75,67,4.0
167,Provideniya,RU,2020-08-17 22:14:42,64.38,-173.3,51.8,71,90,11.18
168,Altay,CN,2020-08-17 22:17:09,47.87,88.12,60.57,33,0,5.77
169,Darhan,MN,2020-08-17 22:17:09,49.49,105.92,47.62,60,0,1.59
170,Las Palmas,ES,2020-08-17 22:17:10,28.42,-14.01,75.2,73,0,14.99
171,Ust-Ordynskiy,RU,2020-08-17 22:17:10,52.8,104.75,44.6,100,0,4.47
172,Alness,GB,2020-08-17 22:17:10,57.7,-4.26,57.99,93,100,3.36
173,Touros,BR,2020-08-17 22:17:10,-5.2,-35.46,77.0,78,20,9.17
174,Novoagansk,RU,2020-08-17 22:17:10,61.94,76.66,54.52,78,99,9.01
175,Ambon,ID,2020-08-17 22:12:20,-3.7,128.18,75.0,94,40,9.17
176,Longyearbyen,SJ,2020-08-17 22:14:41,78.22,15.64,46.4,70,40,11.41
177,Eureka,US,2020-08-17 22:17:11,40.8,-124.16,63.0,5,100,3.0
178,Taitung,TW,2020-08-17 22:17:11,22.76,121.14,79.93,74,69,7.23
179,Dubbo,AU,2020-08-17 22:16:01,-32.25,148.62,46.4,100,90,4.7
180,Qui Nhon,VN,2020-08-17 22:17:11,13.77,109.23,78.6,80,87,5.03
181,Klaksvik,FO,2020-08-17 22:17:11,62.23,-6.59,48.2,100,0,3.36
182,Fortuna,US,2020-08-17 22:17:11,40.6,-124.16,69.01,75,100,1.99
183,Bambous Virieux,MU,2020-08-17 22:17:11,-20.34,57.76,71.01,82,20,8.05
184,Saint-Nazaire,FR,2020-08-17 22:17:11,47.28,-2.2,61.0,93,0,3.36
185,Puerto Colombia,CO,2020-08-17 22:16:33,10.99,-74.95,73.4,100,75,6.93
186,Misasi,TZ,2020-08-17 22:17:12,-3.0,33.08,66.99,51,94,5.08
187,Burns Lake,CA,2020-08-17 22:15:49,54.23,-125.75,78.3,32,70,8.55
188,Sao Pedro Do Sul,BR,2020-08-17 22:14:06,-29.62,-54.18,62.6,59,0,6.93
189,Ballina,AU,2020-08-17 22:17:12,-28.87,153.57,50.0,81,0,4.7
190,Aklavik,CA,2020-08-17 22:14:31,68.22,-135.01,62.6,63,40,8.05
191,Hamilton,US,2020-08-17 22:13:18,39.18,-84.53,86.0,42,40,9.17
192,Arroyo,ES,2020-08-17 22:17:12,41.61,-4.8,62.01,93,75,4.7
193,Constitucion,CL,2020-08-17 22:17:12,-35.33,-72.42,51.04,75,0,13.51
194,Sechura,PE,2020-08-17 22:17:12,-5.56,-80.82,71.26,62,38,17.25
195,Banda Aceh,ID,2020-08-17 22:17:13,5.56,95.32,78.84,78,4,8.81
196,Sao Filipe,CV,2020-08-17 22:14:27,14.9,-24.5,78.17,85,62,4.97
197,Ekhabi,RU,2020-08-17 22:17:13,53.51,142.97,56.05,82,98,1.57
198,Voh,NC,2020-08-17 22:17:13,-20.97,164.7,69.69,77,94,8.61
199,Tuktoyaktuk,CA,2020-08-17 22:14:07,69.45,-133.04,50.0,81,90,3.36
200,Belaya Gora,RU,2020-08-17 22:17:13,68.53,146.42,46.4,71,92,9.08
201,Dvinskoy,RU,2020-08-17 22:17:13,62.15,45.12,44.49,91,72,4.29
202,Sao Felix Do Xingu,BR,2020-08-17 22:17:13,-6.64,-51.99,84.31,28,0,0.43
203,Teguldet,RU,2020-08-17 22:17:13,57.31,88.17,53.55,96,66,4.83
204,Solnechnyy,RU,2020-08-17 22:17:14,50.72,136.63,55.44,94,100,4.43
205,Pozega,HR,2020-08-17 22:17:14,45.34,17.69,75.2,78,20,10.29
206,Uyuni,BO,2020-08-17 22:15:09,-20.46,-66.83,45.23,44,2,33.67
207,Ilulissat,GL,2020-08-17 22:17:14,69.22,-51.1,48.2,49,10,2.24
208,Alofi,NU,2020-08-17 22:17:14,-19.06,-169.92,73.54,83,82,23.94
209,Beringovskiy,RU,2020-08-17 22:17:14,63.05,179.32,52.34,81,100,15.64
210,Tiksi,RU,2020-08-17 22:14:47,71.69,128.87,46.22,92,100,3.29
211,Katsuura,JP,2020-08-17 22:17:14,35.13,140.3,84.99,91,14,2.95
212,Sorland,NO,2020-08-17 22:17:14,67.67,12.69,50.0,87,75,10.29
213,Tres Arroyos,AR,2020-08-17 22:17:15,-38.37,-60.28,47.14,62,0,8.63
214,Lompoc,US,2020-08-17 22:14:31,34.64,-120.46,81.0,64,1,16.11
215,Asifabad,IN,2020-08-17 22:17:15,19.37,79.28,75.13,91,100,7.49
216,Kemijarvi,FI,2020-08-17 22:17:15,66.71,27.43,43.95,84,91,2.62
217,Am Timan,TD,2020-08-17 22:17:15,11.03,20.28,74.5,91,89,3.02
218,Mahebourg,MU,2020-08-17 22:17:15,-20.41,57.7,68.0,82,20,8.05
219,Batemans Bay,AU,2020-08-17 22:17:15,-35.72,150.18,52.0,80,75,3.0
220,Upernavik,GL,2020-08-17 22:17:15,72.79,-56.15,46.8,55,100,3.18
221,Ndele,CF,2020-08-17 22:17:16,8.41,20.65,71.2,95,86,1.99
222,Ahipara,NZ,2020-08-17 22:17:16,-35.17,173.17,58.37,77,100,15.28
223,Nouadhibou,MR,2020-08-17 22:17:16,20.93,-17.03,73.4,78,13,16.11
224,Nabire,ID,2020-08-17 22:17:16,-3.37,135.48,76.71,85,36,2.15
225,Lasa,IT,2020-08-17 22:17:16,46.62,10.7,55.4,100,75,3.36
226,Faanui,PF,2020-08-17 22:17:16,-16.48,-151.75,78.26,72,18,11.5
227,Natal,BR,2020-08-17 22:17:16,-5.79,-35.21,78.8,74,20,13.87
228,Sabha,LY,2020-08-17 22:17:16,27.04,14.43,87.03,21,0,10.0
229,Richards Bay,ZA,2020-08-17 22:17:17,-28.78,32.04,67.01,67,0,22.62
230,Emerald,AU,2020-08-17 22:17:17,-23.53,148.17,55.99,66,0,2.24
231,Laguna De Duero,ES,2020-08-17 22:17:17,41.58,-4.72,62.01,93,75,4.7
232,Puerto Quijarro,BO,2020-08-17 22:17:17,-17.78,-57.77,88.43,40,71,3.85
233,Vizinga,RU,2020-08-17 22:17:17,61.07,50.1,41.18,96,2,5.5
234,Vasai,IN,2020-08-17 22:17:17,19.47,72.8,84.99,94,90,6.93
235,Ugoofaaru,MV,2020-08-17 22:17:17,5.67,73.0,82.49,74,99,7.38
236,Senador Jose Porfirio,BR,2020-08-17 22:17:17,-2.59,-51.95,85.55,56,95,1.88
237,Saskylakh,RU,2020-08-17 22:17:17,71.92,114.08,52.2,87,94,10.76
238,Portage,US,2020-08-17 22:17:18,41.17,-81.2,75.99,64,1,9.06
239,Grafton,US,2020-08-17 22:17:18,42.21,-71.69,75.99,68,63,2.3
240,Aquin,HT,2020-08-17 22:17:18,18.28,-73.4,85.35,64,16,1.81
241,Quang Ngai,VN,2020-08-17 22:17:18,15.12,108.8,76.15,86,100,3.85
242,Esperance,AU,2020-08-17 22:17:18,-33.87,121.9,48.2,81,75,28.86
243,Kedougou,SN,2020-08-17 22:17:18,12.56,-12.17,82.4,88,82,4.7
244,Bengbu,CN,2020-08-17 22:17:18,32.94,117.36,78.26,86,0,5.23
245,Kununurra,AU,2020-08-17 22:17:18,-15.77,128.73,64.4,85,0,1.86
246,Nome,US,2020-08-17 22:17:18,64.5,-165.41,68.0,59,1,14.99
247,North Bay,CA,2020-08-17 22:17:16,46.32,-79.47,64.4,88,75,4.7
248,Semey,KZ,2020-08-17 22:17:19,50.41,80.23,72.39,28,66,13.44
249,Bisira,PA,2020-08-17 22:17:19,8.52,-81.71,63.59,100,92,1.61
250,Paragominas,BR,2020-08-17 22:17:19,-2.97,-47.48,81.32,59,94,3.96
251,Mumbwa,ZM,2020-08-17 22:17:19,-14.98,27.06,61.75,36,0,4.36
252,Cabo San Lucas,MX,2020-08-17 22:14:08,22.89,-109.91,91.4,58,5,18.34
253,Menongue,AO,2020-08-17 22:17:19,-14.66,17.69,57.51,30,2,2.28
254,Ribeira Grande,PT,2020-08-17 22:17:20,38.52,-28.7,73.4,94,75,23.04
255,Diego De Almagro,CL,2020-08-17 22:17:20,-26.37,-70.05,57.7,36,0,6.46
256,Souillac,MU,2020-08-17 22:14:01,-20.52,57.52,68.0,82,20,8.05
257,Iqaluit,CA,2020-08-17 22:17:20,63.75,-68.51,44.6,87,75,11.41
258,Leningradskiy,RU,2020-08-17 22:17:20,69.38,178.42,42.46,72,95,12.17
259,Berlevag,NO,2020-08-17 22:17:20,70.86,29.09,44.6,87,75,12.75
260,Natitingou,BJ,2020-08-17 22:17:21,10.3,1.38,73.69,87,4,1.3
261,Hirara,JP,2020-08-17 22:17:21,24.8,125.28,80.6,88,40,4.7
262,Linxia,CN,2020-08-17 22:17:21,35.6,103.21,51.37,65,85,2.26
263,Kysyl-Syr,RU,2020-08-17 22:17:21,63.9,122.76,48.38,60,0,3.85
264,Hami,CN,2020-08-17 22:14:27,42.8,93.45,73.85,20,0,8.81
265,Santa Maria,BR,2020-08-17 22:17:21,-29.68,-53.81,62.6,59,0,6.93
266,Talaya,RU,2020-08-17 22:17:21,61.38,152.75,48.69,84,100,1.88
267,Aba,NG,2020-08-17 22:17:22,5.11,7.37,77.0,88,40,7.07
268,Envira,BR,2020-08-17 22:17:22,-7.3,-70.22,87.28,53,81,3.2
269,Narsaq,GL,2020-08-17 22:17:22,60.92,-46.05,57.2,54,23,4.7
270,Pisco,PE,2020-08-17 22:17:22,-13.7,-76.22,64.4,77,1,9.17
271,Beloha,MG,2020-08-17 22:17:22,-25.17,45.05,64.11,95,28,7.58
272,Caravelas,BR,2020-08-17 22:17:22,-17.71,-39.25,72.73,82,3,6.49
273,Tieling,CN,2020-08-17 22:17:23,42.29,123.84,75.54,94,44,9.86
274,Atar,MR,2020-08-17 22:17:23,20.52,-13.05,101.05,24,0,9.35
275,San Rafael,AR,2020-08-17 22:17:23,-34.62,-68.33,61.88,26,0,8.88
276,New Amsterdam,GY,2020-08-17 22:17:23,6.25,-57.52,79.18,85,83,3.98
277,Gat,IL,2020-08-17 22:13:11,31.61,34.76,77.0,46,0,2.06
278,Komsomolskiy,UZ,2020-08-17 22:17:23,40.43,71.72,73.4,69,90,7.25
279,Diffa,NE,2020-08-17 22:17:23,13.32,12.61,85.1,55,54,7.92
280,Broome,US,2020-08-17 22:17:23,42.25,-75.83,78.01,44,1,9.17
281,Dingle,PH,2020-08-17 22:17:23,11.0,122.67,75.9,89,100,2.68
282,Kruisfontein,ZA,2020-08-17 22:17:24,-34.0,24.73,53.01,62,99,13.0
283,Isla Mujeres,MX,2020-08-17 22:17:24,21.23,-86.73,89.6,66,75,9.17
284,Taltal,CL,2020-08-17 22:17:24,-25.4,-70.48,55.96,67,25,4.99
285,Henderson,US,2020-08-17 22:15:12,36.04,-114.98,111.99,16,1,12.75
286,Presidencia Roque Saenz Pena,AR,2020-08-17 22:17:24,-26.79,-60.44,62.58,35,0,5.35
287,Pouebo,NC,2020-08-17 22:17:24,-20.4,164.57,71.26,77,98,7.11
288,Anshun,CN,2020-08-17 22:17:24,26.25,105.93,63.21,97,98,3.91
289,Corrente,BR,2020-08-17 22:17:25,-3.74,-43.34,82.99,49,87,2.15
290,Pocatello,US,2020-08-17 22:12:28,42.87,-112.45,96.8,13,1,8.05
291,Kuytun,RU,2020-08-17 22:17:25,54.34,101.5,46.38,80,87,6.51
292,Teguise,ES,2020-08-17 22:17:25,29.06,-13.56,73.4,83,20,21.92
293,Hay River,CA,2020-08-17 22:15:54,60.82,-115.8,62.6,77,40,6.93
294,Jaisinghnagar,IN,2020-08-17 22:17:25,23.7,81.38,75.16,95,100,9.13
295,Ngunut,ID,2020-08-17 22:17:25,-8.11,112.02,72.52,90,15,5.39
296,Riyadh,SA,2020-08-17 22:16:58,24.69,46.72,89.6,15,0,6.93
297,Akhisar,TR,2020-08-17 22:17:26,38.92,27.84,65.46,72,0,5.95
298,Jutai,BR,2020-08-17 22:17:26,-5.18,-68.9,79.36,81,95,0.25
299,Vostok,RU,2020-08-17 22:17:26,46.49,135.88,58.89,86,94,4.36
300,Palana,RU,2020-08-17 22:17:26,59.12,159.97,55.71,71,25,0.72
301,Chaibasa,IN,2020-08-17 22:17:26,22.57,85.82,77.32,91,98,3.85
302,Lebu,CL,2020-08-17 22:17:26,-37.62,-73.65,49.64,80,46,6.4
303,Belmonte,BR,2020-08-17 22:17:27,-15.86,-38.88,75.2,73,75,8.05
304,Benjamin Hill,MX,2020-08-17 22:17:27,30.17,-111.1,102.0,33,16,4.0
305,Huanren,CN,2020-08-17 22:17:27,41.26,125.37,72.12,92,100,4.72
306,Bluefields,NI,2020-08-17 22:17:27,12.01,-83.76,86.0,74,40,6.93
307,Amnat Charoen,TH,2020-08-17 22:17:27,15.86,104.63,76.01,88,100,3.38
308,Vila Velha,BR,2020-08-17 22:13:34,-20.33,-40.29,77.0,78,75,13.87
309,Imeni Poliny Osipenko,RU,2020-08-17 22:17:27,52.42,136.49,52.86,97,100,3.78
310,Luanda,AO,2020-08-17 22:15:27,-8.84,13.23,71.6,83,75,8.05
311,Ariquemes,BR,2020-08-17 22:17:27,-9.91,-63.04,91.83,22,19,2.44
312,Noumea,NC,2020-08-17 22:14:05,-22.28,166.46,72.0,93,75,3.36
313,Talcahuano,CL,2020-08-17 22:17:28,-36.72,-73.12,53.6,71,20,17.22
314,Ornskoldsvik,SE,2020-08-17 22:17:28,63.29,18.72,48.2,93,0,3.36
315,North Bend,US,2020-08-17 22:17:28,43.41,-124.22,82.99,82,20,14.99
316,Brookhaven,US,2020-08-17 22:17:28,31.58,-90.44,89.01,76,51,7.38
317,Buchanan,LR,2020-08-17 22:17:29,5.88,-10.05,75.42,82,96,8.14
318,Sao Jose Da Coroa Grande,BR,2020-08-17 22:17:29,-8.9,-35.15,74.03,84,28,10.16
319,Christchurch,NZ,2020-08-17 22:17:17,-43.53,172.63,48.99,81,98,11.41
320,Fagernes,NO,2020-08-17 22:17:29,60.99,9.23,57.99,70,0,2.46
321,Raudeberg,NO,2020-08-17 22:17:29,61.99,5.14,63.0,91,0,3.15
322,Rafsanjan,IR,2020-08-17 22:17:29,30.41,55.99,77.95,26,4,9.6
323,Cockburn Town,TC,2020-08-17 22:17:29,21.46,-71.14,86.0,74,40,6.93
324,Rincon,US,2020-08-17 22:17:29,32.3,-81.24,89.01,62,40,9.17
325,Chokurdakh,RU,2020-08-17 22:17:29,70.63,147.92,40.24,83,100,12.5
326,Grindavik,IS,2020-08-17 22:17:29,63.84,-22.43,53.6,93,75,6.93
327,Bonavista,CA,2020-08-17 22:17:30,48.65,-53.11,62.01,85,100,10.25
328,Kharp,RU,2020-08-17 22:17:30,66.8,65.81,49.6,83,94,5.68
329,Hays,US,2020-08-17 22:17:30,30.05,-98.03,96.01,38,98,5.01
330,Parana,AR,2020-08-17 22:17:30,-31.73,-60.52,69.01,28,0,1.01
331,Saquena,PE,2020-08-17 22:17:30,-4.67,-73.52,90.9,53,60,1.72
332,Kostomuksha,RU,2020-08-17 22:17:30,64.57,30.58,45.63,79,70,7.07
333,Liwale,TZ,2020-08-17 22:17:30,-9.77,37.93,65.44,63,28,2.64
334,Tual,ID,2020-08-17 22:15:15,-5.67,132.75,78.17,78,34,17.58
335,Otane,NZ,2020-08-17 22:17:31,-39.88,176.63,47.64,73,50,7.0
336,Aberdeen,GB,2020-08-17 22:17:31,57.14,-2.1,57.2,100,90,4.7
337,Avera,US,2020-08-17 22:17:31,33.19,-82.53,91.4,55,1,5.82
338,Port Hedland,AU,2020-08-17 22:17:31,-20.32,118.57,57.2,62,0,8.05
339,Bocas Del Toro,PA,2020-08-17 22:17:31,9.33,-82.25,66.99,98,17,5.93
340,Bourg-En-Bresse,FR,2020-08-17 22:17:31,46.17,5.17,64.99,78,70,2.95
341,Ust-Shonosha,RU,2020-08-17 22:17:31,61.15,41.34,46.44,82,79,3.71
342,Matelandia,BR,2020-08-17 22:17:31,-25.24,-54.0,73.4,83,75,4.7
343,San Cristobal,VE,2020-08-17 22:13:57,7.77,-72.22,86.0,58,75,5.82
344,Praia,CV,2020-08-17 22:17:32,14.92,-23.51,80.6,78,20,4.7
345,Victoria,HK,2020-08-17 22:14:14,22.29,114.16,82.0,83,95,5.01
346,Bria,CF,2020-08-17 22:17:32,6.54,21.99,71.35,94,95,2.01
347,Zig,US,2020-08-17 22:17:32,40.13,-92.77,82.99,54,1,9.17
348,Korla,CN,2020-08-17 22:17:32,41.76,86.15,80.01,47,36,4.0
349,Manlleu,ES,2020-08-17 22:17:32,42.0,2.28,70.0,89,100,1.01
350,Maraa,BR,2020-08-17 22:17:32,-1.83,-65.37,80.42,77,69,2.08
351,Vestmannaeyjar,IS,2020-08-17 22:17:32,63.44,-20.27,54.09,91,97,11.14
352,Faya,SA,2020-08-17 22:14:54,18.39,42.45,71.6,52,94,2.62
353,Kjollefjord,NO,2020-08-17 22:17:33,70.95,27.35,46.4,81,75,17.22
354,Hasaki,JP,2020-08-17 22:17:33,35.73,140.83,82.0,94,75,6.93
355,Gizo,SB,2020-08-17 22:17:33,-8.1,156.84,81.1,81,42,12.57
356,Berbera,SO,2020-08-17 22:17:33,10.44,45.01,92.84,44,46,15.52
357,Collie,AU,2020-08-17 22:13:27,-33.37,116.15,48.99,80,87,7.63
358,Punta Alta,AR,2020-08-17 22:17:33,-38.88,-62.07,52.18,50,0,11.01
359,Olafsvik,IS,2020-08-17 22:17:33,64.89,-23.71,55.54,83,44,7.76
360,Oksfjord,NO,2020-08-17 22:17:33,70.24,22.35,46.4,93,99,17.47
361,Hervey Bay,AU,2020-08-17 22:13:37,-25.3,152.85,50.0,87,0,4.7
362,Filadelfia,US,2020-08-17 22:13:54,39.95,-75.16,81.0,78,40,3.36
363,Hukuntsi,BW,2020-08-17 22:17:34,-24.0,21.75,52.5,40,31,15.41
364,Port-Gentil,GA,2020-08-17 22:17:34,-0.72,8.78,77.0,83,20,15.68
365,Riviere-Au-Renard,CA,2020-08-17 22:17:34,49.0,-64.4,69.8,64,40,8.05
366,Stepnogorsk,KZ,2020-08-17 22:17:34,52.35,71.89,59.65,57,99,10.69
367,Dubuque,US,2020-08-17 22:17:34,42.48,-90.87,78.8,54,20,12.75
368,Punta Cardon,VE,2020-08-17 22:17:34,11.66,-70.22,85.84,66,23,21.83
369,Rio Grande,BR,2020-08-17 22:16:59,-32.03,-52.1,57.0,73,0,7.29
370,Maniitsoq,GL,2020-08-17 22:17:34,65.42,-52.9,51.78,58,18,8.34
371,Ancud,CL,2020-08-17 22:15:47,-41.87,-73.82,48.2,70,75,11.41
372,Qasigiannguit,GL,2020-08-17 22:17:35,68.82,-51.19,48.2,49,19,2.24
373,Severnyy,RU,2020-08-17 22:17:35,50.68,36.55,68.0,64,5,8.95
374,Baruun-Urt,MN,2020-08-17 22:17:35,46.68,113.28,53.6,84,100,14.67
375,Hovd,MN,2020-08-17 22:17:35,48.01,91.64,57.76,66,23,0.43
376,Gilgit,PK,2020-08-17 22:17:35,35.92,74.31,82.62,33,0,4.56
377,Majalaya,ID,2020-08-17 22:17:35,-7.34,106.61,75.67,90,56,11.36
378,Olinda,BR,2020-08-17 22:17:35,-8.01,-34.86,78.8,74,40,9.17
379,Mazabuka,ZM,2020-08-17 22:17:35,-15.86,27.75,64.65,30,0,7.11
380,Abu Samrah,SY,2020-08-17 22:17:36,35.3,37.18,69.73,70,0,8.97
381,Lac Du Bonnet,CA,2020-08-17 22:17:36,50.25,-96.06,77.0,81,0,5.91
382,Moctezuma,MX,2020-08-17 22:17:36,29.8,-109.67,92.16,39,41,3.76
383,Morristown,US,2020-08-17 22:15:24,36.21,-83.29,84.99,42,1,8.05
384,Amparafaravola,MG,2020-08-17 22:17:36,-17.58,48.22,53.85,95,22,2.82
385,Anchorage,US,2020-08-17 22:14:24,61.22,-149.9,68.0,52,1,8.05
386,Buin,CL,2020-08-17 22:15:36,-33.73,-70.75,62.6,74,0,6.93
387,Tripoli,LY,2020-08-17 22:17:01,32.88,13.19,88.0,37,0,11.1
388,Inhambane,MZ,2020-08-17 22:17:36,-23.86,35.38,66.54,87,29,8.72
389,High Level,CA,2020-08-17 22:17:36,58.52,-117.14,75.2,60,75,8.05
390,Clonakilty,IE,2020-08-17 22:17:37,51.62,-8.87,59.0,100,40,8.05
391,Mayor Pablo Lagerenza,PY,2020-08-17 22:17:37,-19.93,-60.77,73.76,63,71,4.61
392,Wilkie,CA,2020-08-17 22:17:37,52.42,-108.7,86.0,48,20,5.82
393,Hailun,CN,2020-08-17 22:17:37,47.45,126.93,66.7,99,100,7.85
394,Kidal,ML,2020-08-17 22:17:37,18.44,1.41,89.4,45,3,11.39
395,Alpena,US,2020-08-17 22:17:37,45.06,-83.43,75.2,44,1,11.41
396,Batagay,RU,2020-08-17 22:17:37,67.63,134.63,49.06,56,23,1.32
397,Comodoro Rivadavia,AR,2020-08-17 22:17:37,-45.87,-67.5,53.6,30,40,24.16
398,Glasgow,GB,2020-08-17 22:12:58,55.87,-4.26,59.0,93,90,8.05
399,Robertsport,LR,2020-08-17 22:17:38,6.75,-11.37,75.9,82,98,13.56
400,Ucluelet,CA,2020-08-17 22:13:36,48.93,-125.55,64.99,93,75,6.93
401,Nesbyen,NO,2020-08-17 22:17:38,60.57,9.1,61.0,70,3,3.6
402,Piopio,NZ,2020-08-17 22:17:38,-38.47,175.02,51.55,63,99,8.55
403,Krasnovishersk,RU,2020-08-17 22:17:38,60.41,57.08,49.89,96,100,5.3
404,Vila Franca Do Campo,PT,2020-08-17 22:17:38,37.72,-25.43,73.4,94,75,21.92
405,Lavrentiya,RU,2020-08-17 22:17:38,65.58,-171.0,49.69,79,100,4.18
406,Kathmandu,NP,2020-08-17 22:17:38,27.72,85.32,73.4,94,75,3.36
407,Nobeoka,JP,2020-08-17 22:14:57,32.58,131.67,72.0,88,7,3.98
408,Luderitz,NA,2020-08-17 22:17:38,-26.65,15.16,55.17,66,0,10.8
409,Jining,CN,2020-08-17 22:17:39,35.41,116.58,78.19,94,0,7.38
410,Great Yarmouth,GB,2020-08-17 22:17:39,52.61,1.73,66.0,99,76,1.01
411,Joshimath,IN,2020-08-17 22:17:39,30.57,79.57,69.39,62,92,0.72
412,Hobyo,SO,2020-08-17 22:17:39,5.35,48.53,75.87,75,54,26.02
413,Laguna,US,2020-08-17 22:17:39,38.42,-121.42,104.0,22,1,16.11
414,Sume,BR,2020-08-17 22:17:39,-7.67,-36.88,73.36,61,50,15.21
415,Bani,DO,2020-08-17 22:17:39,18.28,-70.33,89.6,62,40,10.83
416,Ndioum,SN,2020-08-17 22:17:40,16.51,-14.65,89.6,55,6,4.7
417,Xuchang,CN,2020-08-17 22:17:40,34.02,113.82,77.0,94,0,2.24
418,Veraval,IN,2020-08-17 22:17:40,20.9,70.37,81.59,85,100,16.08
419,Coquimbo,CL,2020-08-17 22:17:40,-29.95,-71.34,51.8,81,90,5.82
420,Itamaraca,BR,2020-08-17 22:17:40,-7.75,-34.83,78.8,74,40,9.17
421,Pirgos,GR,2020-08-17 22:17:40,35.12,25.72,81.0,23,0,11.01
422,Lahaina,US,2020-08-17 22:15:03,20.88,-156.68,87.8,43,20,17.22
423,Codrington,AU,2020-08-17 22:17:40,-38.27,141.97,46.11,95,45,10.78
424,Mount Pleasant,US,2020-08-17 22:17:40,32.79,-79.86,84.2,70,1,6.91
425,Bilibino,RU,2020-08-17 22:17:40,68.05,166.44,38.37,84,100,10.2
426,Necochea,AR,2020-08-17 22:17:41,-38.55,-58.74,45.0,75,0,1.01
427,Vanimo,PG,2020-08-17 22:17:41,-2.67,141.3,78.67,82,35,6.53
428,Lichtenburg,ZA,2020-08-17 22:17:41,-26.15,26.16,51.91,78,38,11.97
429,Whitehorse,CA,2020-08-17 22:12:47,60.72,-135.05,57.2,82,75,10.29
430,Rio Gallegos,AR,2020-08-17 22:15:47,-51.62,-69.22,35.6,93,75,14.99
431,Jalu,LY,2020-08-17 22:17:41,29.03,21.55,81.7,43,0,9.1
432,Pontianak,ID,2020-08-17 22:17:41,-0.03,109.33,76.15,93,93,2.62
433,Lorengau,PG,2020-08-17 22:17:22,-2.02,147.27,82.45,78,11,9.24
434,Gavrilovka Vtoraya,RU,2020-08-17 22:17:41,52.88,42.77,56.3,79,0,4.65
435,Nandi Hills,KE,2020-08-17 22:17:41,0.11,35.18,69.8,83,92,4.7
436,Aksay,RU,2020-08-17 22:17:42,47.26,39.87,66.99,63,0,4.47
437,Umarkot,PK,2020-08-17 22:17:42,25.36,69.74,86.67,75,74,15.41
438,Cochrane,CA,2020-08-17 22:17:42,51.18,-114.47,91.99,25,1,6.93
439,Polunochnoye,RU,2020-08-17 22:17:42,60.87,60.42,51.44,100,100,6.33
440,Sayyan,YE,2020-08-17 22:17:42,15.17,44.32,67.32,44,91,4.07
441,Sokoni,TZ,2020-08-17 22:17:42,-6.43,39.55,76.32,80,100,14.5
442,Tommot,RU,2020-08-17 22:17:42,58.96,126.29,44.78,83,73,0.56
443,Coihaique,CL,2020-08-17 22:17:42,-45.58,-72.07,41.0,56,40,11.41
444,Albury,AU,2020-08-17 22:14:00,-36.08,146.92,48.2,100,90,4.7
445,Beidao,CN,2020-08-17 22:17:42,34.57,105.89,58.03,83,100,2.37
446,Bonthe,SL,2020-08-17 22:17:43,7.53,-12.51,76.55,82,94,9.82
447,Yar-Sale,RU,2020-08-17 22:17:43,66.83,70.83,50.49,92,100,9.48
448,Mabaruma,GY,2020-08-17 22:16:10,8.2,-59.78,79.29,95,95,3.18
449,Kargasok,RU,2020-08-17 22:17:43,59.06,80.86,56.93,90,95,9.4
450,Andreyevo,RU,2020-08-17 22:17:43,55.95,41.15,48.96,79,0,2.89
451,Henties Bay,NA,2020-08-17 22:17:43,-22.12,14.28,53.01,82,0,16.44
452,Piacabucu,BR,2020-08-17 22:17:43,-10.41,-36.43,73.65,86,46,10.85
453,Kaeo,NZ,2020-08-17 22:17:43,-35.1,173.78,60.01,3,100,10.0
454,Sisimiut,GL,2020-08-17 22:17:43,66.94,-53.67,51.19,52,65,2.13
455,Anadyr,RU,2020-08-17 22:14:52,64.75,177.48,53.6,66,20,13.42
456,Guerrero Negro,MX,2020-08-17 22:17:43,27.98,-114.06,86.56,42,0,15.68
457,Cobija,BO,2020-08-17 22:17:44,-11.03,-68.77,94.23,30,3,2.15
458,Imphal,IN,2020-08-17 22:17:44,24.82,93.95,70.5,93,100,1.68
459,Kyabram,AU,2020-08-17 22:17:44,-36.32,145.05,46.99,91,21,1.01
460,Shingu,JP,2020-08-17 22:17:44,33.73,135.98,81.32,66,8,4.61
461,Xichang,CN,2020-08-17 22:17:44,27.9,102.26,64.99,82,100,1.34
462,Xai-Xai,MZ,2020-08-17 22:17:44,-25.05,33.64,62.56,85,5,9.44
463,Abashiri,JP,2020-08-17 22:15:45,44.02,144.27,61.12,94,99,7.78
464,Firovo,RU,2020-08-17 22:17:44,57.48,33.7,48.76,86,0,2.57
465,Mokhsogollokh,RU,2020-08-17 22:17:44,61.47,128.92,47.98,68,76,3.62
466,Bathurst,AU,2020-08-17 22:13:37,-33.42,149.58,44.01,99,25,1.01
467,Poum,NC,2020-08-17 22:15:41,-20.23,164.02,70.59,78,100,20.98
468,Say,NE,2020-08-17 22:17:45,13.1,2.37,86.0,62,20,3.36
469,Omboue,GA,2020-08-17 22:17:45,-1.57,9.26,74.91,84,100,9.93
470,Bonoua,CI,2020-08-17 22:17:45,5.27,-3.6,75.2,94,20,6.93
471,Eufaula,US,2020-08-17 22:17:45,31.89,-85.15,91.0,51,88,1.99
472,Obo,CF,2020-08-17 22:17:45,5.4,26.49,68.72,96,89,0.83
473,Hagdan,PH,2020-08-17 22:17:45,11.33,123.9,81.86,75,100,3.51
474,Kuloy,RU,2020-08-17 22:17:45,61.03,42.49,45.45,80,34,5.46
475,Port Lincoln,AU,2020-08-17 22:17:46,-34.73,135.87,54.03,71,23,21.61
476,Puerto Escondido,MX,2020-08-17 22:17:46,15.85,-97.07,80.6,65,90,8.05
477,Acajutla,SV,2020-08-17 22:17:46,13.59,-89.83,89.6,55,20,4.7
478,Petropavlovsk-Kamchatskiy,RU,2020-08-17 22:17:20,53.05,158.65,55.4,100,90,2.24
479,Asyut,EG,2020-08-17 22:17:46,27.18,31.18,82.4,37,0,5.82
480,Shelburne,CA,2020-08-17 22:13:51,44.08,-80.2,72.0,68,20,6.93
481,Iquitos,PE,2020-08-17 22:16:24,-3.75,-73.25,87.8,66,40,3.36
482,Okhotsk,RU,2020-08-17 22:17:46,59.38,143.3,55.08,91,100,6.82
483,Srednekolymsk,RU,2020-08-17 22:17:46,67.45,153.68,46.31,74,100,12.68
484,Edd,ER,2020-08-17 22:17:46,13.93,41.69,92.25,54,100,5.19
485,Samarai,PG,2020-08-17 22:14:20,-10.62,150.67,75.18,63,51,8.25
486,Pemangkat,ID,2020-08-17 22:17:47,1.17,108.97,78.15,87,91,7.4
487,Binga,ZW,2020-08-17 22:17:47,-17.62,27.34,65.62,35,0,0.58
488,Bathsheba,BB,2020-08-17 22:17:47,13.22,-59.52,78.8,94,40,6.93
489,Honiara,SB,2020-08-17 22:17:47,-9.43,159.95,78.8,78,40,6.93
490,Cotonou,BJ,2020-08-17 22:17:47,6.37,2.42,77.0,88,20,10.29
491,Passo De Camaragibe,BR,2020-08-17 22:17:47,-9.24,-35.49,73.4,88,75,14.99
492,Kaihua,CN,2020-08-17 22:17:47,23.37,104.28,64.89,94,100,3.98
493,Ketchikan,US,2020-08-17 22:17:48,55.34,-131.65,60.8,87,90,11.41
494,Turbat,PK,2020-08-17 22:17:48,26.0,63.04,85.55,71,96,4.9
495,Mogadishu,SO,2020-08-17 22:17:48,2.04,45.34,75.11,81,100,13.38
496,Marrakesh,MA,2020-08-17 22:17:48,31.63,-8.01,78.8,47,0,13.87
497,Leh,IN,2020-08-17 22:17:48,34.17,77.58,64.96,33,0,5.06
498,Catamarca,AR,2020-08-17 22:17:48,-28.47,-65.79,69.01,47,0,4.0
499,Kristiinankaupunki,FI,2020-08-17 22:17:48,62.27,21.38,51.71,67,0,2.91
500,Tabuk,PH,2020-08-17 22:17:48,17.42,121.44,73.49,92,98,1.48
501,Bose,IT,2020-08-17 22:17:48,45.46,8.01,66.99,85,74,4.0
502,Takoradi,GH,2020-08-17 22:17:49,4.88,-1.76,75.18,83,83,12.06
503,Tahoua,NE,2020-08-17 22:17:49,14.89,5.27,93.11,33,82,7.99
504,Viedma,AR,2020-08-17 22:17:49,-40.81,-63.0,51.01,47,62,5.99
505,Bom Jesus Da Lapa,BR,2020-08-17 22:17:49,-13.26,-43.42,81.86,29,0,4.83
506,Lubango,AO,2020-08-17 22:17:49,-14.92,13.49,60.91,33,33,5.1
507,Koumac,NC,2020-08-17 22:17:49,-20.57,164.28,70.75,76,100,14.58
508,Mandalgovi,MN,2020-08-17 22:17:49,45.76,106.27,51.03,74,66,12.41
509,Waingapu,ID,2020-08-17 22:17:49,-9.66,120.26,72.37,84,58,7.63
510,Palmer,US,2020-08-17 22:17:49,42.16,-72.33,80.6,51,75,5.82
511,Roverud,NO,2020-08-17 22:17:50,60.25,12.05,64.4,77,2,3.36
512,Farsund,NO,2020-08-17 22:17:50,58.09,6.8,72.0,64,45,12.88
513,Saint-Augustin,CA,2020-08-17 22:17:50,51.23,-58.65,65.75,61,100,11.7
514,Surt,LY,2020-08-17 22:17:50,31.21,16.59,81.05,63,0,9.31
515,Kasaragod,IN,2020-08-17 22:17:50,12.5,75.0,77.0,94,75,4.9
516,Rawson,AR,2020-08-17 22:17:50,-43.3,-65.1,53.37,40,100,21.27
517,Bhainsdehi,IN,2020-08-17 22:17:50,21.65,77.63,71.38,99,100,7.45
518,Pingliang,CN,2020-08-17 22:17:50,35.54,106.69,57.38,77,100,1.45
519,Narasapur,IN,2020-08-17 22:17:50,16.45,81.67,78.12,88,100,8.32
520,Wagar,SD,2020-08-17 22:17:50,16.15,36.2,87.39,52,100,16.58
521,Kisangani,CD,2020-08-17 22:17:50,0.52,25.2,73.74,84,100,2.15
522,Talgar,KZ,2020-08-17 22:17:51,43.3,77.24,75.2,41,90,15.66
523,Ishigaki,JP,2020-08-17 22:17:51,24.34,124.16,80.6,88,75,6.93
524,Knysna,ZA,2020-08-17 22:17:51,-34.04,23.05,44.6,87,100,20.8
525,Wairoa,NZ,2020-08-17 22:17:51,-39.03,177.37,51.06,60,33,3.33
526,Lamar,US,2020-08-17 22:17:51,33.67,-95.58,93.99,52,1,5.82
527,Myanaung,MM,2020-08-17 22:17:51,18.28,95.32,74.97,95,100,6.33
528,Xiaoweizhai,CN,2020-08-17 22:17:51,26.19,107.51,67.08,93,88,0.54
529,Poopo,BO,2020-08-17 22:17:51,-18.37,-66.97,54.01,35,60,18.1
530,Vanavara,RU,2020-08-17 22:17:52,60.34,102.28,46.35,70,99,4.56
531,Seoul,KR,2020-08-17 22:16:57,37.57,126.98,75.2,100,1,1.03
532,Tuskegee,US,2020-08-17 22:17:52,32.42,-85.69,88.0,78,96,6.42
533,Antigonish,CA,2020-08-17 22:17:52,45.62,-62.0,59.0,96,100,5.01
534,Pirovskoye,RU,2020-08-17 22:17:52,57.63,92.27,49.35,86,0,6.96
535,Kavaratti,IN,2020-08-17 22:17:52,10.57,72.64,81.01,82,91,13.06
536,Spokane,US,2020-08-17 22:15:42,47.62,-117.37,100.4,17,1,6.08
537,Ulaangom,MN,2020-08-17 22:17:52,49.98,92.07,57.72,79,7,1.86
538,Dzerzhinskoye,RU,2020-08-17 22:17:52,56.83,95.23,49.28,82,0,4.23
539,San Juan,AR,2020-08-17 22:17:28,-31.54,-68.54,63.52,25,0,8.14
540,Buala,SB,2020-08-17 22:17:53,-8.14,159.59,83.07,73,80,3.76
541,Guanhaes,BR,2020-08-17 22:15:23,-18.77,-42.93,65.66,85,40,4.56
